{
          "avg_precision": 0.572175843219109,
          "roc_auc": 0.9660769325407619
}