{
          "avg_precision": 0.5179278193933337,
          "roc_auc": 0.9428322046168605
}